arxiv_id,title,authors,published_date,pdf_url,search_query
2506.06962v3,AR-RAG: Autoregressive Retrieval Augmentation for Image Generation,"Jingyuan Qi, Zhiyang Xu, Qifan Wang, Lifu Huang",2025-06-08T01:33:05+00:00,https://arxiv.org/pdf/2506.06962v3,retrieval augmented generation
2504.13684v1,Intelligent Interaction Strategies for Context-Aware Cognitive Augmentation," Xiangrong,  Zhu, Yuan Xu, Tianjian Liu, Jingwei Sun, Yu Zhang, Xin Tong",2025-04-18T13:35:21+00:00,https://arxiv.org/pdf/2504.13684v1,retrieval augmented generation
2504.17204v1,Factually: Exploring Wearable Fact-Checking for Augmented Truth Discernment,"Chitralekha Gupta, Hanjun Wu, Praveen Sasikumar, Shreyas Sridhar, Priambudi Bagaskara, Suranga Nanayakkara",2025-04-24T02:29:50+00:00,https://arxiv.org/pdf/2504.17204v1,retrieval augmented generation
2504.14689v1,Designing AI Systems that Augment Human Performed vs. Demonstrated Critical Thinking,"Katelyn Xiaoying Mei, Nic Weber",2025-04-20T17:40:28+00:00,https://arxiv.org/pdf/2504.14689v1,retrieval augmented generation
2411.18583v1,Automated Literature Review Using NLP Techniques and LLM-Based Retrieval-Augmented Generation,"Nurshat Fateh Ali, Md. Mahdi Mohtasim, Shakil Mosharrof, T. Gopi Krishna",2024-11-27T18:27:07+00:00,https://arxiv.org/pdf/2411.18583v1,retrieval augmented generation
2605.12335v1,EHR-RAGp: Retrieval-Augmented Prototype-Guided Foundation Model for Electronic Health Records,"Saeed Shurrab, Mariam Al-Omari, Dana El Samad, Farah E. Shamout",2026-05-12T16:17:03+00:00,https://arxiv.org/pdf/2605.12335v1,retrieval augmented generation
2402.12317v2,EVOR: Evolving Retrieval for Code Generation,"Hongjin Su, Shuyang Jiang, Yuhang Lai, Haoyuan Wu, Boao Shi, Che Liu, Qian Liu, Tao Yu",2024-02-19T17:37:28+00:00,https://arxiv.org/pdf/2402.12317v2,retrieval augmented generation
2502.00306v2,Riddle Me This! Stealthy Membership Inference for Retrieval-Augmented Generation,"Ali Naseh, Yuefeng Peng, Anshuman Suri, Harsh Chaudhari, Alina Oprea, Amir Houmansadr",2025-02-01T04:01:18+00:00,https://arxiv.org/pdf/2502.00306v2,retrieval augmented generation
2309.15217v2,Ragas: Automated Evaluation of Retrieval Augmented Generation,"Shahul Es, Jithin James, Luis Espinosa-Anke, Steven Schockaert",2023-09-26T19:23:54+00:00,https://arxiv.org/pdf/2309.15217v2,retrieval augmented generation
2507.23334v2,MUST-RAG: MUSical Text Question Answering with Retrieval Augmented Generation,"Daeyong Kwon, SeungHeon Doh, Juhan Nam",2025-07-31T08:31:05+00:00,https://arxiv.org/pdf/2507.23334v2,retrieval augmented generation
2601.05264v1,Engineering the RAG Stack: A Comprehensive Review of the Architecture and Trust Frameworks for Retrieval-Augmented Generation Systems,"Dean Wampler, Dave Nielson, Alireza Seddighi",2025-11-07T16:26:29+00:00,https://arxiv.org/pdf/2601.05264v1,retrieval augmented generation
2510.22344v1,FAIR-RAG: Faithful Adaptive Iterative Refinement for Retrieval-Augmented Generation,"Mohammad Aghajani Asl, Majid Asgari-Bidhendi, Behrooz Minaei-Bidgoli",2025-10-25T15:59:33+00:00,https://arxiv.org/pdf/2510.22344v1,retrieval augmented generation
2601.11863v1,Utilizing Metadata for Better Retrieval-Augmented Generation,"Raquib Bin Yousuf, Shengzhe Xu, Mandar Sharma, Andrew Neeser, Chris Latimer, Naren Ramakrishnan",2026-01-17T01:11:03+00:00,https://arxiv.org/pdf/2601.11863v1,retrieval augmented generation
1811.08772v1,Overcoming low-utility facets for complex answer retrieval,"Sean MacAvaney, Andrew Yates, Arman Cohan, Luca Soldaini, Kai Hui, Nazli Goharian, Ophir Frieder",2018-11-21T15:09:00+00:00,https://arxiv.org/pdf/1811.08772v1,retrieval augmented generation
2512.24268v1,RAGPart & RAGMask: Retrieval-Stage Defenses Against Corpus Poisoning in Retrieval-Augmented Generation,"Pankayaraj Pathmanathan, Michael-Andrei Panaitescu-Liess, Cho-Yu Jason Chiang, Furong Huang",2025-12-30T14:43:57+00:00,https://arxiv.org/pdf/2512.24268v1,retrieval augmented generation
2504.05181v2,Lightweight and Direct Document Relevance Optimization for Generative Information Retrieval,"Kidist Amde Mekonnen, Yubao Tang, Maarten de Rijke",2025-04-07T15:27:37+00:00,https://arxiv.org/pdf/2504.05181v2,retrieval augmented generation
2602.07525v1,IGMiRAG: Intuition-Guided Retrieval-Augmented Generation with Adaptive Mining of In-Depth Memory,"Xingliang Hou, Yuyan Liu, Qi Sun, haoxiu wang, Hao Hu, Shaoyi Du, Zhiqiang Tian",2026-02-07T12:42:31+00:00,https://arxiv.org/pdf/2602.07525v1,retrieval augmented generation
2504.19754v1,Reconstructing Context: Evaluating Advanced Chunking Strategies for Retrieval-Augmented Generation,"Carlo Merola, Jaspinder Singh",2025-04-28T12:52:05+00:00,https://arxiv.org/pdf/2504.19754v1,retrieval augmented generation
2411.00744v2,CARROT: A Learned Cost-Constrained Retrieval Optimization System for RAG,"Ziting Wang, Haitao Yuan, Wei Dong, Gao Cong, Feifei Li",2024-11-01T17:11:16+00:00,https://arxiv.org/pdf/2411.00744v2,retrieval augmented generation
2604.23584v1,Identity-Decoupled Anonymization for Visual Evidence in Multi-modal Retrieval-Augmented Generation,"Zehua Cheng, Wei Dai, Jiahao Sun",2026-04-26T07:42:33+00:00,https://arxiv.org/pdf/2604.23584v1,retrieval augmented generation
2501.05032v2,Enhancing Human-Like Responses in Large Language Models,"Ethem Yağız Çalık, Talha Rüzgar Akkuş",2025-01-09T07:44:06+00:00,https://arxiv.org/pdf/2501.05032v2,reranking large language models
2402.14679v2,Is Self-knowledge and Action Consistent or Not: Investigating Large Language Model's Personality,"Yiming Ai, Zhiwei He, Ziyin Zhang, Wenhong Zhu, Hongkun Hao, Kai Yu, Lingjun Chen, Rui Wang",2024-02-22T16:32:08+00:00,https://arxiv.org/pdf/2402.14679v2,reranking large language models
2405.11357v3,Large Language Models Lack Understanding of Character Composition of Words,"Andrew Shin, Kunitake Kaneko",2024-05-18T18:08:58+00:00,https://arxiv.org/pdf/2405.11357v3,reranking large language models
2403.09676v1,Unmasking the Shadows of AI: Investigating Deceptive Capabilities in Large Language Models,Linge Guo,2024-02-07T00:21:46+00:00,https://arxiv.org/pdf/2403.09676v1,reranking large language models
2306.00947v1,EEL: Efficiently Encoding Lattices for Reranking,"Prasann Singhal, Jiacheng Xu, Xi Ye, Greg Durrett",2023-06-01T17:45:32+00:00,https://arxiv.org/pdf/2306.00947v1,reranking large language models
2407.01505v1,Self-Cognition in Large Language Models: An Exploratory Study,"Dongping Chen, Jiawen Shi, Yao Wan, Pan Zhou, Neil Zhenqiang Gong, Lichao Sun",2024-07-01T17:52:05+00:00,https://arxiv.org/pdf/2407.01505v1,reranking large language models
2309.02144v1,Making Large Language Models Better Reasoners with Alignment,"Peiyi Wang, Lei Li, Liang Chen, Feifan Song, Binghuai Lin, Yunbo Cao, Tianyu Liu, Zhifang Sui",2023-09-05T11:32:48+00:00,https://arxiv.org/pdf/2309.02144v1,reranking large language models
2407.08029v1,A Critical Review of Causal Reasoning Benchmarks for Large Language Models,"Linying Yang, Vik Shirvaikar, Oscar Clivio, Fabian Falck",2024-07-10T20:11:51+00:00,https://arxiv.org/pdf/2407.08029v1,reranking large language models
2310.00905v2,All Languages Matter: On the Multilingual Safety of Large Language Models,"Wenxuan Wang, Zhaopeng Tu, Chang Chen, Youliang Yuan, Jen-tse Huang, Wenxiang Jiao, Michael R. Lyu",2023-10-02T05:23:34+00:00,https://arxiv.org/pdf/2310.00905v2,reranking large language models
2312.05434v1,Beneath the Surface: Unveiling Harmful Memes with Multimodal Reasoning Distilled from Large Language Models,"Hongzhan Lin, Ziyang Luo, Jing Ma, Long Chen",2023-12-09T01:59:11+00:00,https://arxiv.org/pdf/2312.05434v1,reranking large language models
2512.06483v1,Classifying German Language Proficiency Levels Using Large Language Models,"Elias-Leander Ahlers, Witold Brunsmann, Malte Schilling",2025-12-06T16:15:45+00:00,https://arxiv.org/pdf/2512.06483v1,reranking large language models
2306.13549v4,A Survey on Multimodal Large Language Models,"Shukang Yin, Chaoyou Fu, Sirui Zhao, Ke Li, Xing Sun, Tong Xu, Enhong Chen",2023-06-23T15:21:52+00:00,https://arxiv.org/pdf/2306.13549v4,reranking large language models
2402.14800v2,Not All Experts are Equal: Efficient Expert Pruning and Skipping for Mixture-of-Experts Large Language Models,"Xudong Lu, Qi Liu, Yuhui Xu, Aojun Zhou, Siyuan Huang, Bo Zhang, Junchi Yan, Hongsheng Li",2024-02-22T18:56:07+00:00,https://arxiv.org/pdf/2402.14800v2,reranking large language models
2404.16891v1,Attacks on Third-Party APIs of Large Language Models,"Wanru Zhao, Vidit Khazanchi, Haodi Xing, Xuanli He, Qiongkai Xu, Nicholas Donald Lane",2024-04-24T19:27:02+00:00,https://arxiv.org/pdf/2404.16891v1,reranking large language models
2311.04589v3,TEAL: Tokenize and Embed ALL for Multi-modal Large Language Models,"Zhen Yang, Yingxue Zhang, Fandong Meng, Jie Zhou",2023-11-08T10:34:16+00:00,https://arxiv.org/pdf/2311.04589v3,reranking large language models
2305.03715v1,Large Language Models in Ambulatory Devices for Home Health Diagnostics: A case study of Sickle Cell Anemia Management,"Oluwatosin Ogundare, Subuola Sofolahan",2023-05-05T17:55:49+00:00,https://arxiv.org/pdf/2305.03715v1,reranking large language models
2412.16117v1,PruneVid: Visual Token Pruning for Efficient Video Large Language Models,"Xiaohu Huang, Hao Zhou, Kai Han",2024-12-20T18:01:58+00:00,https://arxiv.org/pdf/2412.16117v1,reranking large language models
2509.16679v1,Reinforcement Learning Meets Large Language Models: A Survey of Advancements and Applications Across the LLM Lifecycle,"Keliang Liu, Dingkang Yang, Ziyun Qian, Weijie Yin, Yuchi Wang, Hongsheng Li, Jun Liu, Peng Zhai, Yang Liu, Lihua Zhang",2025-09-20T13:11:28+00:00,https://arxiv.org/pdf/2509.16679v1,reranking large language models
2305.14982v2,LAraBench: Benchmarking Arabic AI with Large Language Models,"Ahmed Abdelali, Hamdy Mubarak, Shammur Absar Chowdhury, Maram Hasanain, Basel Mousi, Sabri Boughorbel, Yassine El Kheir, Daniel Izham, Fahim Dalvi, Majd Hawasly, Nizi Nazar, Yousseif Elshahawy, Ahmed Ali, Nadir Durrani, Natasa Milic-Frayling, Firoj Alam",2023-05-24T10:16:16+00:00,https://arxiv.org/pdf/2305.14982v2,reranking large language models
2403.09832v1,Scaling Behavior of Machine Translation with Large Language Models under Prompt Injection Attacks,"Zhifan Sun, Antonio Valerio Miceli-Barone",2024-03-14T19:39:10+00:00,https://arxiv.org/pdf/2403.09832v1,reranking large language models
2504.16021v1,Navigating the State of Cognitive Flow: Context-Aware AI Interventions for Effective Reasoning Support,"Dinithi Dissanayake, Suranga Nanayakkara",2025-04-22T16:35:39+00:00,https://arxiv.org/pdf/2504.16021v1,agentic AI reasoning
2507.08804v1,Cognitive Dissonance Artificial Intelligence (CD-AI): The Mind at War with Itself. Harnessing Discomfort to Sharpen Critical Thinking,Delia Deliu,2025-04-23T03:18:05+00:00,https://arxiv.org/pdf/2507.08804v1,agentic AI reasoning
2504.14996v1,Distributed Cognition for AI-supported Remote Operations: Challenges and Research Directions,"Rune Møberg Jacobsen, Joel Wester, Helena Bøjer Djernæs, Niels van Berkel",2025-04-21T09:53:49+00:00,https://arxiv.org/pdf/2504.14996v1,agentic AI reasoning
2601.12538v1,Agentic Reasoning for Large Language Models,"Tianxin Wei, Ting-Wei Li, Zhining Liu, Xuying Ning, Ze Yang, Jiaru Zou, Zhichen Zeng, Ruizhong Qiu, Xiao Lin, Dongqi Fu, Zihao Li, Mengting Ai, Duo Zhou, Wenxuan Bao, Yunzhe Li, Gaotang Li, Cheng Qian, Yu Wang, Xiangru Tang, Yin Xiao, Liri Fang, Hui Liu, Xianfeng Tang, Yuji Zhang, Chi Wang, Jiaxuan You, Heng Ji, Hanghang Tong, Jingrui He",2026-01-18T18:58:23+00:00,https://arxiv.org/pdf/2601.12538v1,agentic AI reasoning
2504.16883v1,Enhancing Critical Thinking with AI: A Tailored Warning System for RAG Models,"Xuyang Zhu, Sejoon Chang, Andrew Kuik",2025-04-23T17:00:25+00:00,https://arxiv.org/pdf/2504.16883v1,agentic AI reasoning
2504.16770v1,DeBiasMe: De-biasing Human-AI Interactions with Metacognitive AIED (AI in Education) Interventions,Chaeyeon Lim,2025-04-23T14:41:31+00:00,https://arxiv.org/pdf/2504.16770v1,agentic AI reasoning
2605.23989v1,"Towards trustworthy agentic AI: a comprehensive survey of safety, robustness, privacy, and system security","Jinhu Qi, Muzhi Li, Jiahong Liu, Yuqin Shu, Dianzhi Yu, Shicheng Ma, Wenqian Cui, Yiyang Zhao, Yiyi Chen, Ruoxi Jiang, Irwin King, Zenglin Xu",2026-05-17T10:26:37+00:00,https://arxiv.org/pdf/2605.23989v1,agentic AI reasoning
2512.13278v2,AutoTool: Dynamic Tool Selection and Integration for Agentic Reasoning,"Jiaru Zou, Ling Yang, Yunzhe Qi, Sirui Chen, Mengting Ai, Ke Shen, Jingrui He, Mengdi Wang",2025-12-15T12:38:04+00:00,https://arxiv.org/pdf/2512.13278v2,agentic AI reasoning
2605.05287v1,"Securing the Agent: Vendor-Neutral, Multitenant Enterprise Retrieval and Tool Use","Francisco Javier Arceo, Varsha Prasad Narsing",2026-05-06T17:59:21+00:00,https://arxiv.org/pdf/2605.05287v1,agentic AI reasoning
2504.15894v1,Supporting Data-Frame Dynamics in AI-assisted Decision Making,"Chengbo Zheng, Tim Miller, Alina Bialkowski, H Peter Soyer, Monika Janda",2025-04-22T13:36:06+00:00,https://arxiv.org/pdf/2504.15894v1,agentic AI reasoning
2601.11816v1,POLARIS: Typed Planning and Governed Execution for Agentic AI in Back-Office Automation,"Zahra Moslemi, Keerthi Koneru, Yen-Ting Lee, Sheethal Kumar, Ramesh Radhakrishnan",2026-01-16T22:38:21+00:00,https://arxiv.org/pdf/2601.11816v1,agentic AI reasoning
2603.18914v1,"Security, privacy, and agentic AI in a regulatory view: From definitions and distinctions to provisions and reflections","Shiliang Zhang, Sabita Maharjan",2026-03-19T13:50:52+00:00,https://arxiv.org/pdf/2603.18914v1,agentic AI reasoning
2511.16402v1,Trustworthy AI in the Agentic Lakehouse: from Concurrency to Governance,"Jacopo Tagliabue, Federico Bianchi, Ciro Greco",2025-11-20T14:21:34+00:00,https://arxiv.org/pdf/2511.16402v1,agentic AI reasoning
2504.15647v2,Promoting Real-Time Reflection in Synchronous Communication with Generative AI,"Yi Wen, Meng Xia",2025-04-22T07:12:56+00:00,https://arxiv.org/pdf/2504.15647v2,agentic AI reasoning
2509.14528v2,Why Johnny Can't Use Agents: Industry Aspirations vs. User Realities with AI Agents,"Pradyumna Shome, Sashreek Krishnan, Sauvik Das",2025-09-18T01:51:29+00:00,https://arxiv.org/pdf/2509.14528v2,agentic AI reasoning
2603.28944v1,AI prediction leads people to forgo guaranteed rewards,"Aoi Naito, Hirokazu Shirado",2026-03-30T19:36:10+00:00,https://arxiv.org/pdf/2603.28944v1,agentic AI reasoning
2501.02842v1,Foundations of GenIR,"Qingyao Ai, Jingtao Zhan, Yiqun Liu",2025-01-06T08:38:29+00:00,https://arxiv.org/pdf/2501.02842v1,agentic AI reasoning
2505.07486v1,Shots and Boosters: Exploring the Use of Combined Prebunking Interventions to Raise Critical Thinking and Create Long-Term Protection Against Misinformation,"Huiyun Tang, Anastasia Sergeeva",2025-05-12T12:19:31+00:00,https://arxiv.org/pdf/2505.07486v1,agentic AI reasoning
2507.16110v1,Expert-Guided LLM Reasoning for Battery Discovery: From AI-Driven Hypothesis to Synthesis and Characterization,"Shengchao Liu, Hannan Xu, Yan Ai, Huanxin Li, Yoshua Bengio, Harry Guo",2025-07-21T23:46:11+00:00,https://arxiv.org/pdf/2507.16110v1,agentic AI reasoning
2401.15391v1,MultiHop-RAG: Benchmarking Retrieval-Augmented Generation for Multi-Hop Queries,"Yixuan Tang, Yi Yang",2024-01-27T11:41:48+00:00,https://arxiv.org/pdf/2401.15391v1,self-reflective RAG
2412.12881v1,RAG-Star: Enhancing Deliberative Reasoning with Retrieval Augmented Verification and Refinement,"Jinhao Jiang, Jiayi Chen, Junyi Li, Ruiyang Ren, Shijie Wang, Wayne Xin Zhao, Yang Song, Tao Zhang",2024-12-17T13:05:36+00:00,https://arxiv.org/pdf/2412.12881v1,self-reflective RAG
2402.07483v2,T-RAG: Lessons from the LLM Trenches,"Masoomali Fatehkia, Ji Kim Lucas, Sanjay Chawla",2024-02-12T08:45:08+00:00,https://arxiv.org/pdf/2402.07483v2,self-reflective RAG
2504.01346v4,"RAG over Tables: Hierarchical Memory Index, Multi-Stage Retrieval, and Benchmarking","Jiaru Zou, Dongqi Fu, Sirui Chen, Xinrui He, Zihao Li, Yada Zhu, Jiawei Han, Jingrui He",2025-04-02T04:24:41+00:00,https://arxiv.org/pdf/2504.01346v4,self-reflective RAG
2409.03708v2,RAG based Question-Answering for Contextual Response Prediction System,"Sriram Veturi, Saurabh Vaichal, Reshma Lal Jagadheesh, Nafis Irtiza Tripto, Nian Yan",2024-09-05T17:14:23+00:00,https://arxiv.org/pdf/2409.03708v2,self-reflective RAG
2510.25518v1,Retrieval Augmented Generation (RAG) for Fintech: Agentic Design and Evaluation,"Thomas Cook, Richard Osuagwu, Liman Tsatiashvili, Vrynsia Vrynsia, Koustav Ghosal, Maraim Masoud, Riccardo Mattivi",2025-10-29T13:41:36+00:00,https://arxiv.org/pdf/2510.25518v1,self-reflective RAG
0810.2945v3,Self-correspondences of K3 surfaces via moduli of sheaves and arithmetic hyperbolic reflection groups,Viacheslav V. Nikulin,2008-10-16T15:28:36+00:00,https://arxiv.org/pdf/0810.2945v3,self-reflective RAG
2601.07528v2,From RAG to Agentic RAG for Faithful Islamic Question Answering,"Gagan Bhatia, Hamdy Mubarak, Mustafa Jarrar, George Mikros, Fadi Zaraket, Mahmoud Alhirthani, Mutaz Al-Khatib, Logan Cochrane, Kareem Darwish, Rashid Yahiaoui, Firoj Alam",2026-01-12T13:28:28+00:00,https://arxiv.org/pdf/2601.07528v2,self-reflective RAG
2404.15939v3,Telco-RAG: Navigating the Challenges of Retrieval-Augmented Language Models for Telecommunications,"Andrei-Laurentiu Bornea, Fadhel Ayed, Antonio De Domenico, Nicola Piovesan, Ali Maatouk",2024-04-24T15:58:59+00:00,https://arxiv.org/pdf/2404.15939v3,self-reflective RAG
2511.22858v1,RAG System for Supporting Japanese Litigation Procedures: Faithful Response Generation Complying with Legal Norms,"Yuya Ishihara, Atsushi Keyaki, Hiroaki Yamada, Ryutaro Ohara, Mihoko Sumida",2025-11-28T03:28:27+00:00,https://arxiv.org/pdf/2511.22858v1,self-reflective RAG
2409.18313v5,Embodied-RAG: General Non-parametric Embodied Memory for Retrieval and Generation,"Quanting Xie, So Yeon Min, Pengliang Ji, Yue Yang, Tianyi Zhang, Kedi Xu, Aarav Bajaj, Ruslan Salakhutdinov, Matthew Johnson-Roberson, Yonatan Bisk",2024-09-26T21:44:11+00:00,https://arxiv.org/pdf/2409.18313v5,self-reflective RAG
2602.20735v1,RMIT-ADM+S at the MMU-RAG NeurIPS 2025 Competition,"Kun Ran, Marwah Alaofi, Danula Hettiachchi, Chenglong Ma, Khoi Nguyen Dinh Anh, Khoi Vo Nguyen, Sachin Pathiyan Cherumanal, Lida Rashidi, Falk Scholer, Damiano Spina, Shuoqi Sun, Oleg Zendel",2026-02-24T09:58:25+00:00,https://arxiv.org/pdf/2602.20735v1,self-reflective RAG
2310.11511v1,"Self-RAG: Learning to Retrieve, Generate, and Critique through Self-Reflection","Akari Asai, Zeqiu Wu, Yizhong Wang, Avirup Sil, Hannaneh Hajishirzi",2023-10-17T18:18:32+00:00,https://arxiv.org/pdf/2310.11511v1,self-reflective RAG
2106.11517v1,Fine-tune the Entire RAG Architecture (including DPR retriever) for Question-Answering,"Shamane Siriwardhana, Rivindu Weerasekera, Elliott Wen, Suranga Nanayakkara",2021-06-22T03:17:59+00:00,https://arxiv.org/pdf/2106.11517v1,self-reflective RAG
2606.31200v1,Agentic RAG-VLM: Affordance-Aware Retrieval-Augmented Generation with Self-Reflective Planning for Robotic Grasping,"Tao Chen, Lizheng Liu, Jiaxu Wang, Ziyue Jiang, Ruiqi Tian, JiGuang Huo, Zhongxue Gan",2026-06-30T06:30:22+00:00,https://arxiv.org/pdf/2606.31200v1,self-reflective RAG
2504.04915v1,Collab-RAG: Boosting Retrieval-Augmented Generation for Complex Question Answering via White-Box and Black-Box LLM Collaboration,"Ran Xu, Wenqi Shi, Yuchen Zhuang, Yue Yu, Joyce C. Ho, Haoyu Wang, Carl Yang",2025-04-07T10:52:22+00:00,https://arxiv.org/pdf/2504.04915v1,self-reflective RAG
2402.01717v1,From RAG to QA-RAG: Integrating Generative AI for Pharmaceutical Regulatory Compliance Process,"Jaewoong Kim, Moohong Min",2024-01-26T08:23:29+00:00,https://arxiv.org/pdf/2402.01717v1,self-reflective RAG
2511.07328v2,Q-RAG: Long Context Multi-step Retrieval via Value-based Embedder Training,"Artyom Sorokin, Nazar Buzun, Alexander Anokhin, Oleg Inozemcev, Egor Vedernikov, Petr Anokhin, Mikhail Burtsev, Trushkov Alexey, Yin Wenshuai, Evgeny Burnaev",2025-11-10T17:31:02+00:00,https://arxiv.org/pdf/2511.07328v2,self-reflective RAG
2603.14170v1,"Citation-Enforced RAG for Fiscal Document Intelligence: Cited, Explainable Knowledge Retrieval in Tax Compliance",Akhil Chandra Shanivendra,2026-03-11T20:01:35+00:00,https://arxiv.org/pdf/2603.14170v1,self-reflective RAG
2502.11228v2,Vendi-RAG: Adaptively Trading-Off Diversity And Quality Significantly Improves Retrieval Augmented Generation With LLMs,"Mohammad Reza Rezaei, Adji Bousso Dieng",2025-02-16T18:46:10+00:00,https://arxiv.org/pdf/2502.11228v2,self-reflective RAG
2405.07551v1,MuMath-Code: Combining Tool-Use Large Language Models with Multi-perspective Data Augmentation for Mathematical Reasoning,"Shuo Yin, Weihao You, Zhilong Ji, Guoqiang Zhong, Jinfeng Bai",2024-05-13T08:32:19+00:00,https://arxiv.org/pdf/2405.07551v1,tool use language models
2409.11353v3,THaMES: An End-to-End Tool for Hallucination Mitigation and Evaluation in Large Language Models,"Mengfei Liang, Archish Arun, Zekun Wu, Cristian Munoz, Jonathan Lutch, Emre Kazim, Adriano Koshiyama, Philip Treleaven",2024-09-17T16:55:25+00:00,https://arxiv.org/pdf/2409.11353v3,tool use language models
2503.01763v2,Retrieval Models Aren't Tool-Savvy: Benchmarking Tool Retrieval for Large Language Models,"Zhengliang Shi, Yuhan Wang, Lingyong Yan, Pengjie Ren, Shuaiqiang Wang, Dawei Yin, Zhaochun Ren",2025-03-03T17:37:16+00:00,https://arxiv.org/pdf/2503.01763v2,tool use language models
2512.13930v1,Hierarchical Multi-agent Large Language Model Reasoning for Autonomous Functional Materials Discovery,"Samuel Rothfarb, Megan C. Davis, Ivana Matanovic, Baikun Li, Edward F. Holby, Wilton J. M. Kort-Kamp",2025-12-15T22:08:18+00:00,https://arxiv.org/pdf/2512.13930v1,function calling large language models agents
2402.11651v2,Learning From Failure: Integrating Negative Examples when Fine-tuning Large Language Models as Agents,"Renxi Wang, Haonan Li, Xudong Han, Yixuan Zhang, Timothy Baldwin",2024-02-18T17:10:07+00:00,https://arxiv.org/pdf/2402.11651v2,function calling large language models agents
2404.01023v1,Large Language Model Evaluation Via Multi AI Agents: Preliminary results,"Zeeshan Rasheed, Muhammad Waseem, Kari Systä, Pekka Abrahamsson",2024-04-01T10:06:04+00:00,https://arxiv.org/pdf/2404.01023v1,function calling large language models agents
2504.19565v3,Knowledge-Driven Agentic Scientific Corpus Distillation Framework for Biomedical Large Language Models Training,"Meng Xiao, Xunxin Cai, Qingqing Long, Chengrui Wang, Yuanchun Zhou, Hengshu Zhu",2025-04-28T08:18:24+00:00,https://arxiv.org/pdf/2504.19565v3,function calling large language models agents
2309.02427v3,Cognitive Architectures for Language Agents,"Theodore R. Sumers, Shunyu Yao, Karthik Narasimhan, Thomas L. Griffiths",2023-09-05T17:56:20+00:00,https://arxiv.org/pdf/2309.02427v3,function calling large language models agents
2407.01476v4,Tree Search for Language Model Agents,"Jing Yu Koh, Stephen McAleer, Daniel Fried, Ruslan Salakhutdinov",2024-07-01T17:07:55+00:00,https://arxiv.org/pdf/2407.01476v4,function calling large language models agents
2605.18805v1,RecoAtlas: From Semantic Plausibility to Set-Level Utility in LLM Recommendation Agents,"Imad Aouali, Flavian Vasile, Otmane Sakhi, Alexandre Gilotte, Benjamin Heymann",2026-05-11T18:55:32+00:00,https://arxiv.org/pdf/2605.18805v1,tool augmented LLM agents
2111.01762v1,AIRCC-Clim: a user-friendly tool for generating regional probabilistic climate change scenarios and risk measures,"Francisco Estrada, Oscar Calderón-Bustamante, Wouter Botzen, Julián A. Velasco, Richard S. J. Tol",2021-10-30T11:09:03+00:00,https://arxiv.org/pdf/2111.01762v1,tool augmented LLM agents
2606.19559v1,Uncertainty Decomposition for Clarification Seeking in LLM Agents,Gregory Matsnev,2026-06-17T19:59:32+00:00,https://arxiv.org/pdf/2606.19559v1,tool augmented LLM agents
2606.20023v1,When Lower Privileges Suffice: Investigating Over-Privileged Tool Selection in LLM Agents,"Kaiyue Yang, Yuyan Bu, Jingwei Yi, Yuchi Wang, Biyu Zhou, Juntao Dai, Songlin Hu, Yaodong Yang",2026-06-18T09:54:48+00:00,https://arxiv.org/pdf/2606.20023v1,tool augmented LLM agents
2602.13713v2,On Theoretically-Driven LLM Agents for Multi-Dimensional Discourse Analysis,"Maciej Uberna, Michał Wawer, Jarosław A. Chudziak, Marcin Koszowy",2026-02-14T10:30:39+00:00,https://arxiv.org/pdf/2602.13713v2,tool augmented LLM agents
2606.05868v1,YouZhi: Towards High-Concurrency Financial LLMs via Adaptive GQA-to-MLA Transition," PSBC LLM Team,  Huawei LLM Team, Ruihan Long, Junjie Wu, Tianan Zhang, Duo Zhang, Yaozong Wu, Jinbin Fu, Chang Liu, Zhentao Tang, Wenshuang Yang, Xin Wang, Zhihao Song, Ning Huang, Wenjing Xu, Shuai Zong, Shupei Sun, Sen Wang, Jing Hu, Bin Wang, Xinyu Wang, Junkui Ju, Zequn Ding, Jie Ran, Man Luo, Shixiong Kai, Linkai Hou, Kaichao Liang, Hu Zhao, Yang Zhao, Shucheng Lin, Wei Yu, Chenghan Jiang, Jingjing Ding, Jiahui Zhang, Tian Jin, Yuhang Zhang, Dong Guo, Wei Sun, Jun Xie, Jianwei Li, Lei Cao, Pei Li, Jiabin Li, Jia Yuan, Rui Yuan, Jing Zhu, Mingxuan Yuan, Zhangcheng Lv, Xin Jiang, Xiuhong Fei, Xiaozhe Ren, Yulong Li, Zhipeng Zhang, Hang Wang, Zhaohui Xu, Rui Zhao, Yibo He, Xinzhuang Niu",2026-06-04T08:44:37+00:00,https://arxiv.org/pdf/2606.05868v1,tool augmented LLM agents
2604.08224v1,"Externalization in LLM Agents: A Unified Review of Memory, Skills, Protocols and Harness Engineering","Chenyu Zhou, Huacan Chai, Wenteng Chen, Zihan Guo, Rong Shan, Yuanyi Song, Tianyi Xu, Yingxuan Yang, Aofan Yu, Weiming Zhang, Congming Zheng, Jiachen Zhu, Zeyu Zheng, Zhuosheng Zhang, Xingyu Lou, Changwang Zhang, Zhihui Fu, Jun Wang, Weiwen Liu, Jianghao Lin, Weinan Zhang",2026-04-09T13:19:41+00:00,https://arxiv.org/pdf/2604.08224v1,tool augmented LLM agents
2506.18783v1,TRIZ Agents: A Multi-Agent LLM Approach for TRIZ-Based Innovation,"Kamil Szczepanik, Jarosław A. Chudziak",2025-06-23T15:53:14+00:00,https://arxiv.org/pdf/2506.18783v1,tool augmented LLM agents
2401.07324v3,Small LLMs Are Weak Tool Learners: A Multi-LLM Agent,"Weizhou Shen, Chenliang Li, Hongzhan Chen, Ming Yan, Xiaojun Quan, Hehong Chen, Ji Zhang, Fei Huang",2024-01-14T16:17:07+00:00,https://arxiv.org/pdf/2401.07324v3,tool augmented LLM agents
2407.06567v3,FinCon: A Synthesized LLM Multi-Agent System with Conceptual Verbal Reinforcement for Enhanced Financial Decision Making,"Yangyang Yu, Zhiyuan Yao, Haohang Li, Zhiyang Deng, Yupeng Cao, Zhi Chen, Jordan W. Suchow, Rong Liu, Zhenyu Cui, Zhaozhuo Xu, Denghui Zhang, Koduvayur Subbalakshmi, Guojun Xiong, Yueru He, Jimin Huang, Dong Li, Qianqian Xie",2024-07-09T05:52:26+00:00,https://arxiv.org/pdf/2407.06567v3,tool augmented LLM agents
2601.11903v1,AEMA: Verifiable Evaluation Framework for Trustworthy and Controlled Agentic LLM Systems,"YenTing Lee, Keerthi Koneru, Zahra Moslemi, Sheethal Kumar, Ramesh Radhakrishnan",2026-01-17T04:09:02+00:00,https://arxiv.org/pdf/2601.11903v1,tool augmented LLM agents
2308.13062v1,ZeroLeak: Using LLMs for Scalable and Cost Effective Side-Channel Patching,"M. Caner Tol, Berk Sunar",2023-08-24T20:04:36+00:00,https://arxiv.org/pdf/2308.13062v1,tool augmented LLM agents
2510.27251v2,FinPos: A Position-Aware Trading Agent System for Real Financial Markets,"Bijia Liu, Ronghao Dang",2025-10-31T07:39:26+00:00,https://arxiv.org/pdf/2510.27251v2,tool augmented LLM agents
2511.02841v2,AI Agents with Decentralized Identifiers and Verifiable Credentials,"Sandro Rodriguez Garzon, Awid Vaziry, Enis Mert Kuzu, Dennis Enrique Gehrmann, Buse Varkan, Alexander Gaballa, Axel Küpper",2025-10-01T08:10:37+00:00,https://arxiv.org/pdf/2511.02841v2,tool augmented LLM agents
2412.06333v3,Augmenting the action space with conventions to improve multi-agent cooperation in Hanabi,"F. Bredell, H. A. Engelbrecht, J. C. Schoeman",2024-12-09T09:34:40+00:00,https://arxiv.org/pdf/2412.06333v3,tool augmented LLM agents
2603.25111v2,SEVerA: Verified Synthesis of Self-Evolving Agents,"Debangshu Banerjee, Changming Xu, Eugene Ie, Ming Zhang, Daiyi Peng, Chu-Cheng Lin, Gagandeep Singh",2026-03-26T07:32:20+00:00,https://arxiv.org/pdf/2603.25111v2,tool augmented LLM agents
